12,,,,,,,,,,,,
fdc267,E,Quinn,Jeffrey,601 Lotheville Road,Savannah,GA,31405,US,squarry0@reverbnation.com,squarry0@salon.com,,
0375b6,E,Michelle,Micah,0 Havey Avenue,Cleveland,OH,44177,US,nmichelotti1@sbwire.com,nmichelotti1@vistaprint.com,nmichelotti1@gravatar.com,nmichelotti1@patch.com
aa887a,E,Levi,Yip,65337 Straubel Place,Muncie,IN,47306,US,wleavold2@npr.org,wleavold2@craigslist.org,,
cefa4f,P,Connor,Zarya,81 Northport Avenue,Mobile,AL,36628,US,zcullington3@engadget.com,zcullington3@wisc.edu,zcullington3@google.es,zcullington3@google.pl
48b5dc,P,Larry,West,7 Sunbrook Center,Young America,MN,55551,US,fleaming4@elpais.com,fleaming4@unblog.fr,fleaming4@hugedomains.com,
529dbe,P,Stacy,Summers,33 Lake View Alley,Roanoke,VA,24040,US,bstammers5@flickr.com,bstammers5@mapy.cz,bstammers5@cpanel.net,
aef60b,G,John,Smith,6811 Pleasure Point,Salinas,CA,93907,US,guttley6@sogou.com,guttley6@linkedin.com,guttley6@latimes.com,
8197d3,G,James,Fernando,37 Hoard Circle,Plano,TX,75074,US,fhalse7@europa.eu,fhalse7@microsoft.com,fhalse7@fc2.com,fhalse7@moonfruit.com
f22d0b,G,George,Dennison,40 Aberg Avenue,Fresno,CA,93786,US,dwitherbed8@umich.edu,dwitherbed8@pbs.org,dwitherbed8@privacy.gov.au,
d78da4,C,Solomon,Kellen,5595 Saint Paul Place,Annapolis,MD,21405,US,ksoloway9@amazon.co.uk,ksoloway9@sitemeter.com,ksoloway9@cmu.edu,ksoloway9@unicef.org
99cdc9,C,Mark,Spice,3 5th Junction,Fort Collins,CO,80525,US,rantoshina@cam.ac.uk,rantoshina@amazonaws.com,rantoshina@economist.com,rantoshina@sfgate.com
89a8a1,C,Pepper,Portia,427 Nevada Pass,Toledo,OH,43656,US,pepperportia@lax.edu,,,
